{"sections":{"4104bb5a-b5b8-4828-bc28-28b0cd98f78f":{"type":"cms-title-section","settings":{"heading":"ART YARD SALE 2023","text":"<p>Each year, Enter Gallery hosts the Art Yard Sale, twice – once in June in Jubilee Square, Brighton and a Virtual Art Yard Sale in the Autumn. Both sales are a chance to snap up exclusive artworks from leading contemporary artists at special Art Yard Sale prices.<\/p><p>At the in-person Art Yard Sale, our artists each host their own market stall, selling exclusive pieces, originals, and more unusual finds from their archives directly to the public.  <\/p><p>Our next Art Yard Sale will take place on <strong>Sunday 4th June 2023. <\/strong><\/p><p>Read more about what to expect<strong> <\/strong><a href=\"https:\/\/entergallery.com\/pages\/art-yard-sale-terms-and-conditions\" title=\"https:\/\/entergallery.com\/pages\/art-yard-sale-terms-and-conditions\"><strong>here<\/strong><\/a><\/p>","cms_image":"shopify:\/\/shop_images\/Square_logo.jpg"}},"289b4285-a7ed-4db6-9186-7ef0474e2ef1":{"type":"cms-grid-section","settings":{"grid_section_image_1":"shopify:\/\/shop_images\/haus.png","grid_section_image_2":"shopify:\/\/shop_images\/AYS_private_view.jpg","grid_section_image_3":"shopify:\/\/shop_images\/Poppy_Faun.png","grid_section_video":"https:\/\/www.youtube.com\/watch?v=Kro1i60XsP4","grid_section_title":"Exclusive limited editions","grid_section_content":"<p>Enter Gallery’s Art Yard Sale grants you the unique opportunity to buy art directly from the artists that you love. <\/p><p>Each artist participating in the Art Yard Sale will be manning their own market stall stocked with their art. Expect to discover new pieces created exclusively for the event, alongside original works, smaller studies and rare finds. <\/p><p>Chat to your favourite artists, discover new talent, and see how it’s done, with live art displays happening throughout the day. <\/p>"}},"0cab54ba-2528-4b0d-952f-cc5012b2b17e":{"type":"cms-link-section","settings":{"link_section_title":"Artists featuring this year include:","link_section_content":"<p><a href=\"https:\/\/entergallery.com\/collections\/arron-crascall\" target=\"_blank\" title=\"https:\/\/entergallery.com\/collections\/arron-crascall\">Arron Crascall<\/a> | <a href=\"https:\/\/entergallery.com\/collections\/babak-ganjei\" target=\"_blank\" title=\"https:\/\/entergallery.com\/collections\/babak-ganjei\">Babak Ganjei<\/a> | <a href=\"https:\/\/entergallery.com\/collections\/ben-rider\" target=\"_blank\" title=\"https:\/\/entergallery.com\/collections\/ben-rider\">Ben Rider<\/a> | <a href=\"https:\/\/entergallery.com\/collections\/benjamin-thomas-taylor\" target=\"_blank\" title=\"https:\/\/entergallery.com\/collections\/benjamin-thomas-taylor\">Benjamin Thomas Taylor<\/a> | <a href=\"\/collections\/bonnie-and-clyde\" title=\"Bonnie and Clyde\">Bonnie & Clyde<\/a> | <a href=\"https:\/\/entergallery.com\/collections\/cassandra-yap\" target=\"_blank\" title=\"https:\/\/entergallery.com\/collections\/cassandra-yap\">Cassandra Yap<\/a> | <a href=\"https:\/\/entergallery.com\/collections\/charlotte-rose\" target=\"_blank\" title=\"https:\/\/entergallery.com\/collections\/charlotte-rose\">Charlotte Rose<\/a> | <a href=\"https:\/\/entergallery.com\/collections\/chrisie-nimenko\" target=\"_blank\" title=\"https:\/\/entergallery.com\/collections\/chrisie-nimenko\">Chrisie Nimenko<\/a> | <a href=\"https:\/\/entergallery.com\/collections\/copyright\" target=\"_blank\" title=\"https:\/\/entergallery.com\/collections\/copyright\">Copyright<\/a> | <a href=\"\/collections\/craig-keenan\" title=\"Craig Keenan\">Craig Keenan<\/a> | <a href=\"\/collections\/dirty-hans\" title=\"Dirty Hans\">Dirty Hans<\/a> | <a href=\"\/collections\/eddy-bennett\" title=\"Eddy Bennett\">Eddy Bennett<\/a> | <a href=\"\/collections\/gavin-mitchell\" title=\"Gavin Mitchell\">Gavin Mitchell<\/a> | <a href=\"https:\/\/entergallery.com\/collections\/gemma-compton\" target=\"_blank\" title=\"https:\/\/entergallery.com\/collections\/gemma-compton\">Gemma Compton<\/a> | <a href=\"https:\/\/entergallery.com\/collections\/graham-carter\" target=\"_blank\" title=\"https:\/\/entergallery.com\/collections\/graham-carter\">Graham Carter<\/a> | <a href=\"https:\/\/entergallery.com\/collections\/handiedan\" target=\"_blank\" title=\"https:\/\/entergallery.com\/collections\/handiedan\">Handiedan<\/a> | <a href=\"https:\/\/entergallery.com\/collections\/hannah-shillito\" target=\"_blank\" title=\"https:\/\/entergallery.com\/collections\/hannah-shillito\">Hannah Shillito<\/a> | <a href=\"\/collections\/haus-of-lucy\" title=\"Haus Of Lucy\">Haus of Lucy<\/a> | <a href=\"\/collections\/jayson-lilley\" title=\"Jayson Lilley\">Jayson Lilley<\/a> | <a href=\"\/collections\/joe-webb\" title=\"Joe Webb\">Joe Webb<\/a> | <a href=\"\/collections\/magnus-gjoen\" title=\"Magnus Gjoen\">Magnus Gjoen<\/a> | <a href=\"\/collections\/marcelina-amelia\" title=\"Marcelina Amelia\">Marcelina Amelia<\/a> | <a href=\"\/collections\/maria-rivans\" title=\"Maria Rivans\">Maria Rivans<\/a> | <a href=\"\/collections\/mark-powell\" title=\"Mark Powell\">Mark Powell<\/a> | <a href=\"\/collections\/mike-edwards\" title=\"Mike Edwards\">Mike Edwards<\/a> | <a href=\"\/collections\/oli-fowler\" title=\"Oli Fowler\">Oli Fowler<\/a> | <a href=\"\/collections\/poppy-faun\" title=\"Poppy Faun\">Poppy Faun<\/a> | <a href=\"\/collections\/pure-evil\" title=\"Pure Evil\">Pure Evil<\/a> | <a href=\"\/collections\/ryan-callanan-aka-ryca\" title=\"Ryan Callanan aka RYCA\">RYCA<\/a> | <a href=\"\/collections\/rebecca-strickson\" title=\"Rebecca Strickson\">Rebecca Strickson<\/a> | <a href=\"\/collections\/richard-berner\" title=\"Richard Berner\">Richard Berner<\/a> | <a href=\"\/collections\/sara-pope\" title=\"Sara Pope\">Sara Pope<\/a> | <a href=\"https:\/\/entergallery.com\/collections\/sarah-arnett\" target=\"_blank\" title=\"https:\/\/entergallery.com\/collections\/sarah-arnett\">Sarah Arnett<\/a> | <a href=\"\/collections\/tape-deck-art\" title=\"Tape Deck Art\">Tape Deck<\/a> <\/p>"}},"42614bd2-b54d-4bdd-a9ef-f85e303c6400":{"type":"cms-collection-section","settings":{"heading":"Recent Art Yard Sale Artworks","text":"","collection":"art-yard-sale"}},"490af8de-9213-489b-b8f4-07ca289fab0d":{"type":"cms-instagram-section","settings":{"heading":"Art Yard Sale on Instagram","link_text":"Follow @art_yard_sale","link":""}}},"order":["4104bb5a-b5b8-4828-bc28-28b0cd98f78f","289b4285-a7ed-4db6-9186-7ef0474e2ef1","0cab54ba-2528-4b0d-952f-cc5012b2b17e","42614bd2-b54d-4bdd-a9ef-f85e303c6400","490af8de-9213-489b-b8f4-07ca289fab0d"]}