{"sections":{"slideshow_JJdfRj":{"type":"slideshow","blocks":{"image_ninynn":{"type":"image","settings":{"image":"shopify:\/\/shop_images\/Mark_Vessey_Landing_Page.png","mobile_image":"shopify:\/\/shop_images\/Mark_Vessey_SQ.png","hide-text":false,"title":"","text":"","button_label":"","button_link":"","image_fit":"contain","slide-background":"#ffffff","slide-overlay":"#000000","slide-background-transparency":0,"caption-background":"rgba(0,0,0,0)","caption-text":"#ffffff","button-text":"#ffffff","button-background":"#000000","captionHorizontal":"center","captionAlignment":"center"}}},"block_order":["image_ninynn"],"settings":{"slider-animation":"fade","slider-width":"full-width","slider-slide-time":5,"caption-heading-size":32,"caption-subheading-size":18,"caption-button-size":18,"show-slide-dots":true,"show-slide-arrows":false,"slider-navigation-color":"#000000"}},"rich_text_X6KUqi":{"type":"rich-text","disabled":true,"custom_css":["h2 {text-align: center;}","p {text-align: left;}"],"settings":{"colors":"white","title":"Enter Gallery Presents:            CARL COX BY MARK VESSEY","text":"<p>On Saturday 20th July, Enter Gallery is bringing you a very exciting new release from Brighton’s own, <a href=\"https:\/\/entergallery.com\/collections\/mark-vessey\">Mark Vessey<\/a> – a photographic artist with a unique approach to documenting and celebrating popular culture. <\/p><p>Following successful collaborations with <a href=\"https:\/\/entergallery.com\/collections\/mark-vessey\/products\/norman-medium-ar22499\" title=\"https:\/\/entergallery.com\/collections\/mark-vessey\/products\/norman-medium-ar22499\">Fatboy Slim<\/a> and <a href=\"https:\/\/entergallery.com\/collections\/mark-vessey\/products\/framed-simon-large-eg16578fr\">Simon <\/a>Dunmore of Defected Records, Vessey is now adding another iconic DJ to his series - the Three-Deck Wizard himself, Carl Cox. <\/p>","button_label":"","button_link":""}},"collection_products_list_reAxxt":{"type":"collection-products-list","blocks":{"featured_product_c6arwr":{"type":"featured_product","settings":{"product":"carl-small-eg20683"}},"featured_product_fykAnJ":{"type":"featured_product","settings":{"product":"carl-medium-eg20684"}},"featured_product_Nt3XKm":{"type":"featured_product","settings":{"product":"carl-large-eg20685"}}},"block_order":["featured_product_c6arwr","featured_product_fykAnJ","featured_product_Nt3XKm"],"custom_css":["h2 {text-align: center;}"],"settings":{"colors":"light","title":"Latest Release: Carl By Mark Vessey","break_more_than_3":false,"desktop_two_col":false,"auto_align_center_dektop":false,"mobile_layout":"small--one-whole"}},"feature_row_DGXPyM":{"type":"feature-row","custom_css":["h2 {text-align: center;}","p {font-size: 16px;}"],"settings":{"colors":"white","image":"shopify:\/\/shop_images\/Untitled_design_46.png","parallax":false,"text_overlapping_image":false,"layout":"left","text_alignment":"center","image_width":"small","image_height":"40vw","title":"Brochure: 'Carl Cox by Mark Vessey'","text":"","button_label":"Request the Brochure","button_link":"https:\/\/share.hsforms.com\/1m1ynytTATrOvjzrt7dPSlQ4j38d"}},"collection_products_list_bTyKfd":{"type":"collection-products-list","blocks":{"featured_product_GaTTkg":{"type":"featured_product","settings":{"product":"carl-medium-dibond-eg20920"}},"featured_product_CmFwFT":{"type":"featured_product","settings":{"product":"carl-medium-mother-piece-eg20687"}},"featured_product_JMyEW7":{"type":"featured_product","settings":{"product":"carl-large-mother-piece-eg20688"}}},"block_order":["featured_product_GaTTkg","featured_product_CmFwFT","featured_product_JMyEW7"],"settings":{"colors":"light","title":"Latest Release: Carl By Mark Vessey","break_more_than_3":false,"desktop_two_col":false,"auto_align_center_dektop":false,"mobile_layout":"small--one-whole"}},"video_AT8yWQ":{"type":"video","settings":{"colors":"light","title":"","richtext":"","width_classes":100,"url":"https:\/\/youtu.be\/mliD9OXb3Lc","autoplay":false,"loop":true,"mute":false,"video_overlay_opacity":50}},"collection_products_list_Pwzttf":{"type":"collection-products-list","blocks":{"featured_product_zRFAbx":{"type":"featured_product","settings":{"product":"norman-medium-ar22499"}},"featured_product_GY3nHT":{"type":"featured_product","settings":{"product":"glastonbury-medium-eg12079"}},"featured_product_W94Ly7":{"type":"featured_product","settings":{"product":"simon-medium-eg16579"}}},"block_order":["featured_product_zRFAbx","featured_product_GY3nHT","featured_product_W94Ly7"],"custom_css":["h2 {text-align: center;}"],"settings":{"colors":"light","title":"Mark Vessey Print Highlights","break_more_than_3":false,"desktop_two_col":false,"auto_align_center_dektop":false,"mobile_layout":"small--one-whole"}},"text_adverts_emTq8m":{"type":"text-adverts","blocks":{"text_KhtRHp":{"type":"text","settings":{"heading":"Shop The Collection","subheading":"Click here","link":"https:\/\/entergallery.com\/search?shopify_products%5BrefinementList%5D%5Bvendor%5D%5B0%5D=Peter%20Blake"}},"text_cHnm9q":{"type":"text","settings":{"heading":"Request the Brochure","subheading":"Click here to receive your copy","link":"https:\/\/share.hsforms.com\/1fD5cSUPKTHempqbzA0RWSw4j38d"}}},"block_order":["text_KhtRHp","text_cHnm9q"],"disabled":true,"custom_css":[],"settings":{"colors":"white"}},"indiv_product_jaTBFx":{"type":"indiv-product","disabled":true,"settings":{"title":"Featured Print","richtext":"","featured_product":"framed-red-nose-day-2019-signed-limited-edition-of-250-by-peter-blake-lg12444","product_variant_style":"dropdowns","show-vendor":false,"show_product_description":false,"show_quantity_selector":true,"show_smart_checkout":true,"show_discount":"percentage","image-placement":"right","enable_video_loop":false,"show_reviews":false}},"category_form_xT4qe3":{"type":"category-form","disabled":true,"settings":{"colors":"accent","category_form_heading":"Sign Up to Join Our Community","category_form_description":"<p>Join the mailing list to receive exclusive access, the latest drops and more..<\/p>","category_form_title":"","category_form_content":"","hubspot_override":"<script charset=\"utf-8\" type=\"text\/javascript\" src=\"\/\/js.hsforms.net\/forms\/embed\/v2.js\"><\/script>\n<script>\n  hbspt.forms.create({\n    region: \"na1\",\n    portalId: \"7609117\",\n    formId: \"d723ad2b-b4ae-4a7c-8caa-5eaab62a088a\"\n  });\n<\/script>"}}},"order":["slideshow_JJdfRj","rich_text_X6KUqi","collection_products_list_reAxxt","feature_row_DGXPyM","collection_products_list_bTyKfd","video_AT8yWQ","collection_products_list_Pwzttf","text_adverts_emTq8m","indiv_product_jaTBFx","category_form_xT4qe3"]}