{"sections":{"collection_products_list_BJqFB9":{"type":"collection-products-list","blocks":{"featured_collection_RUjyTb":{"type":"featured_collection","settings":{"collection":"abstract-art","collection_img":"shopify:\/\/shop_images\/EG21257FR.jpg","subheading":""}},"featured_collection_DpTLPi":{"type":"featured_collection","settings":{"collection":"abstract-art","collection_img":"shopify:\/\/shop_images\/EG21257FR.jpg","subheading":""}},"featured_collection_eaJ73F":{"type":"featured_collection","settings":{"collection":"abstract-art","collection_img":"shopify:\/\/shop_images\/EG21257FR.jpg","subheading":""}},"featured_collection_eYENzg":{"type":"featured_collection","settings":{"collection":"abstract-art","collection_img":"shopify:\/\/shop_images\/EG21257FR.jpg","subheading":""}},"featured_product_A4Rrwc":{"type":"featured_product","settings":{"product":"100-yen-large-eg19360"}}},"block_order":["featured_collection_RUjyTb","featured_collection_DpTLPi","featured_collection_eaJ73F","featured_collection_eYENzg","featured_product_A4Rrwc"],"settings":{"colors":"light","title":"Featured Collections","break_more_than_3":true,"desktop_two_col":false,"auto_align_center_dektop":true,"mobile_layout":"small--one-half"}},"cms_title_section_M9BF9F":{"type":"cms-title-section","settings":{"heading":"Heading","text":"<p>Lorem ipsum dolor sit amet, consectetur adipiscing elit, sed do eiusmod tempor incididunt ut labore et dolore magna aliqua. Ut enim ad minim veniam, quis nostrud exercitation ullamco laboris nisi ut aliquip ex ea commodo consequat.<\/p>","cms_image":"shopify:\/\/shop_images\/EG17581FR1_2f5727b1-1d92-48c4-8e38-d135edd7e37a.jpg","vertical_alignment":"sm:order-3","button_label":"ads","button_link":"shopify:\/\/collections\/ailsa-munro","mobile_text_center":false}},"brochure_box_TCgP4P":{"type":"brochure-box","blocks":{"brochure_EmiDyq":{"type":"brochure","settings":{"image":"shopify:\/\/shop_images\/1.svg","heading":"Sub Heading","button_label_1":"adsa","button_link_1":"shopify:\/\/products\/100-sources-of-pop-art-eg07024"}},"brochure_iXitQL":{"type":"brochure","settings":{"image":"shopify:\/\/shop_images\/EG21237.jpg","heading":"Sub Heading","button_label_1":"adsa","button_link_1":"shopify:\/\/products\/100-sources-of-pop-art-eg07024"}},"brochure_89iAUD":{"type":"brochure","settings":{"image":"shopify:\/\/shop_images\/1.svg","heading":"Sub Heading","button_label_1":"adsa","button_link_1":"shopify:\/\/products\/100-sources-of-pop-art-eg07024"}}},"block_order":["brochure_EmiDyq","brochure_iXitQL","brochure_89iAUD"],"settings":{"classname":"","heading":"Our Brochures"}}},"order":["collection_products_list_BJqFB9","cms_title_section_M9BF9F","brochure_box_TCgP4P"]}