{"sections":{"42614bd2-b54d-4bdd-a9ef-f85e303c6400":{"type":"cms-collection-section","settings":{"heading":"Art Yard Sale 2024","text":"<p>A selection of our artists have created a new release especially for the 2024 Art Yard Sale.<br\/><br\/>Browse this new collection exclusively available at Enter Gallery. <\/p>","collection":"art-yard-sale"}},"d02364e2-9e01-435d-89d9-f227308933cd":{"type":"video","settings":{"colors":"white","title":"","richtext":"","width_classes":50,"url":"https:\/\/www.youtube.com\/watch?v=Kro1i60XsP4&t","autoplay":true,"loop":true,"mute":false,"video_overlay_opacity":50}},"0cab54ba-2528-4b0d-952f-cc5012b2b17e":{"type":"cms-link-section","settings":{"link_section_title":"Artists featuring this year include:","link_section_content":"<p><a href=\"https:\/\/entergallery.com\/collections\/arthur\" title=\"https:\/\/entergallery.com\/collections\/arthur\">Arthur <\/a>| <a href=\"https:\/\/entergallery.com\/collections\/babak-ganjei\" title=\"https:\/\/entergallery.com\/collections\/babak-ganjei\">Babak Ganjei<\/a> | <a href=\"https:\/\/entergallery.com\/collections\/ben-rider\" title=\"https:\/\/entergallery.com\/collections\/ben-rider\">Ben Rider<\/a> | <a href=\"https:\/\/entergallery.com\/collections\/benjamin-thomas-taylor\" title=\"https:\/\/entergallery.com\/collections\/benjamin-thomas-taylor\">Benjamin Thomas Taylor<\/a> | <a href=\"https:\/\/entergallery.com\/collections\/bonnie-and-clyde\" title=\"https:\/\/entergallery.com\/collections\/bonnie-and-clyde\">Bonnie and Clyde<\/a> | <a href=\"https:\/\/entergallery.com\/collections\/caroline-chinakwe\" title=\"https:\/\/entergallery.com\/collections\/caroline-chinakwe\">Caroline Chinakwe<\/a> | <a href=\"https:\/\/entergallery.com\/collections\/cassandra-yap\" title=\"https:\/\/entergallery.com\/collections\/cassandra-yap\">Cassandra Yap<\/a> | <a href=\"https:\/\/entergallery.com\/collections\/cjp\" title=\"https:\/\/entergallery.com\/collections\/cjp\">CJP <\/a>| <a href=\"https:\/\/entergallery.com\/collections\/vintage-shuffle\" title=\"https:\/\/entergallery.com\/collections\/vintage-shuffle\">Vintage Shuffle<\/a> | <a href=\"https:\/\/entergallery.com\/collections\/gavin-mitchell\" title=\"https:\/\/entergallery.com\/collections\/gavin-mitchell\">Gavin Mitchell<\/a> | <a href=\"https:\/\/entergallery.com\/collections\/hannah-shillito\" title=\"https:\/\/entergallery.com\/collections\/hannah-shillito\">Hannah Shillito<\/a> | <a href=\"https:\/\/entergallery.com\/collections\/hello-marine\" title=\"https:\/\/entergallery.com\/collections\/hello-marine\">Hello Marine<\/a> | <a href=\"https:\/\/entergallery.com\/collections\/jananicole\" title=\"https:\/\/entergallery.com\/collections\/jananicole\">Jana Nicole<\/a> | <a href=\"https:\/\/entergallery.com\/collections\/joe-webb\" title=\"https:\/\/entergallery.com\/collections\/joe-webb\">Joe Webb<\/a> | <a href=\"https:\/\/entergallery.com\/collections\/kate-jenkins\" title=\"https:\/\/entergallery.com\/collections\/kate-jenkins\">Kate Jenkins<\/a> | <a href=\"https:\/\/entergallery.com\/collections\/haus-of-lucy\" title=\"https:\/\/entergallery.com\/collections\/haus-of-lucy\">Haus of Lucy<\/a> | <a href=\"https:\/\/entergallery.com\/collections\/magnus-gjoen\" title=\"https:\/\/entergallery.com\/collections\/magnus-gjoen\">Magnus Gjoen<\/a> | <a href=\"https:\/\/entergallery.com\/collections\/marcelina-amelia\" title=\"https:\/\/entergallery.com\/collections\/marcelina-amelia\">Marcelina Amelia<\/a> | <a href=\"https:\/\/entergallery.com\/collections\/maria-rivans\" title=\"https:\/\/entergallery.com\/collections\/maria-rivans\">Maria Rivans<\/a> | <a href=\"https:\/\/entergallery.com\/collections\/mark-powell\" title=\"https:\/\/entergallery.com\/collections\/mark-powell\">Mark Powell<\/a> | <a href=\"https:\/\/entergallery.com\/collections\/mike-edwards\" title=\"https:\/\/entergallery.com\/collections\/mike-edwards\">Mike Edwards<\/a> | <a href=\"https:\/\/entergallery.com\/collections\/rebecca-strickson\" title=\"https:\/\/entergallery.com\/collections\/rebecca-strickson\">Rebecca Strickson<\/a> | <a href=\"https:\/\/entergallery.com\/collections\/richard-berner\" title=\"https:\/\/entergallery.com\/collections\/richard-berner\">Richard Berner<\/a> | <a href=\"https:\/\/entergallery.com\/collections\/ryan-callanan-aka-ryca\" title=\"https:\/\/entergallery.com\/collections\/ryan-callanan-aka-ryca\">RYCA <\/a>| <a href=\"https:\/\/entergallery.com\/collections\/sara-pope\" title=\"https:\/\/entergallery.com\/collections\/sara-pope\">Sara Pope<\/a> | <a href=\"https:\/\/entergallery.com\/collections\/sarah-arnett\" title=\"https:\/\/entergallery.com\/collections\/sarah-arnett\">Sarah Arnett<\/a> | <a href=\"https:\/\/entergallery.com\/collections\/vintage-shuffle\" title=\"https:\/\/entergallery.com\/collections\/vintage-shuffle\">Vintage Shuffle<\/a> | <a href=\"https:\/\/entergallery.com\/collections\/justine-smith\" title=\"https:\/\/entergallery.com\/collections\/justine-smith\">Justine Smith<\/a> | <a href=\"https:\/\/entergallery.com\/collections\/zoe-funge-smith\" title=\"https:\/\/entergallery.com\/collections\/zoe-funge-smith\">Zoe Funge Smith<\/a><\/p>"}},"4104bb5a-b5b8-4828-bc28-28b0cd98f78f":{"type":"cms-title-section","settings":{"heading":"Art Yard Sale","text":"<p>The Art Yard Sale is a fantastic community event that welcomes more than 30 internationally-renowned contemporary artists to Brighton. <\/p><p>One of the most exciting events on the Brighton Fringe calendar, the event takes place in Jubilee Square one a year.  <br\/><br\/><a href=\"https:\/\/entergallery.com\/pages\/email-sign-up\" title=\"https:\/\/entergallery.com\/pages\/email-sign-up\"><strong>Subscribe to our mailing list<\/strong><\/a> to stay updated on the next Art Yard Sale.<\/p>","cms_image":"shopify:\/\/shop_images\/1400_x_1400_AYS.png"}},"0133a3c5-4480-42bc-b8a3-5b751add2fc3":{"type":"cms-title-section","disabled":true,"settings":{"heading":"<strong>Framing your purchases<\/strong>","text":"<p>On Sunday 2nd June you can also get <strong>20% OFF all <\/strong>framing services on your Art Yard Sale purchases. <\/p><p>The discount will automatically be deducted at the checkout after you add your frame. <\/p><p>You can also find us on 13 Bond Street in Brighton where our expert framing consultants can help you add framing to your purchase.<\/p>","cms_image":"shopify:\/\/shop_images\/Copy_of_30_OFF_FRAMING_IG_post.jpg"}},"cms_title_section_cVFWCT":{"type":"cms-title-section","disabled":true,"settings":{"heading":"CASH IS KING","text":"<p><strong>Bring cash to spend at the Art Yard Sale!  <br\/><br\/><\/strong>Entry to the Art Yard Sale is free, but if you wish make a purchase, you will need to bring cash with you to exchange for Art Yard Sale money.<br\/><br\/><strong>Please note: Art Yard Sale money is the only form of payment that artists will be able to accept on their stalls.<\/strong><br\/><br\/>Simply exchange your cash with Enter Gallery staff upon arrival at the event.<br\/><br\/>You can also exchange your cash for Art Yard Sale money at <a href=\"https:\/\/entergallery.com\/pages\/contact\" title=\"https:\/\/entergallery.com\/pages\/contact\"><strong>Enter Gallery on Bond Street<\/strong><\/a> from 9am on the day.<strong> <\/strong><\/p><p><strong>Full Ts and Cs <\/strong><a href=\"https:\/\/entergallery.com\/pages\/terms-conditions\" title=\"https:\/\/entergallery.com\/pages\/terms-conditions\"><strong>here.<\/strong><\/a><\/p>","cms_image":"shopify:\/\/shop_images\/AYS_Money.jpg"}},"289b4285-a7ed-4db6-9186-7ef0474e2ef1":{"type":"cms-grid-section","disabled":true,"settings":{"grid_section_image_1":"shopify:\/\/shop_images\/Magnus_stall.jpg","grid_section_image_2":"shopify:\/\/shop_images\/Sara_Pope_stall.jpg","grid_section_image_3":"shopify:\/\/shop_images\/Marcelina_stall_9f09336c-7ba6-4eca-9753-0c7cf335886b.jpg","grid_section_video":"https:\/\/youtu.be\/Kro1i60XsP4","grid_section_title":"Art Yard Sale 2024","grid_section_content":"<p>A highlight of Brighton Fringe, Enter Gallery’s Art Yard Sale is held in Jubilee Square once a year and grants you the unique opportunity to buy art directly from the artists that you love. <\/p><p>Each artist participating in the Art Yard Sale mans their own market stall stocked with their art. Expect to discover new pieces created exclusively for the event, alongside original works, smaller studies and rare finds. <\/p><p>Chat to your favourite artists, discover new talent, and see how it’s done, with live art displays happening throughout the day. <\/p><p><a href=\"https:\/\/entergallery.com\/pages\/email-sign-up\" title=\"https:\/\/entergallery.com\/pages\/email-sign-up\"><strong>Subscribe to our mailing list here<\/strong><\/a><strong> <\/strong>to stay updated on the 2024 Art Yard Sale. <\/p>"}},"90708bf6-4dfc-4d2d-b98f-92eae726e9c8":{"type":"cms-grid-section","disabled":true,"settings":{"grid_section_image_1":"shopify:\/\/shop_images\/AfterlightImage_-_2023-11-08T095840.359.jpg","grid_section_image_2":"shopify:\/\/shop_images\/AfterlightImage_-_2023-11-08T095844.918.jpg","grid_section_image_3":"shopify:\/\/shop_images\/AfterlightImage_-_2023-11-08T095837.960.jpg","grid_section_video":"https:\/\/vimeo.com\/882429572","grid_section_title":"Art Yard Sale ONLINE","grid_section_content":"<p>Art Yard Sale ONLINE features a number of new released as timed releases, meaning the size of the limited edition is determined by the amount of people who purchase each artwork over the course of the weekend.<br\/><br\/>Over 72 hours these exclusive artworks are on sale at entergallery.com as well as being on display in our Brighton gallery. <br\/><strong><br\/><\/strong><a href=\"https:\/\/entergallery.com\/pages\/email-sign-up\" title=\"https:\/\/entergallery.com\/pages\/email-sign-up\"><strong>Subscribe to our mailing list here<\/strong><\/a> to stay updated on Enter Gallery's Art Yard Sale. <\/p>"}},"490af8de-9213-489b-b8f4-07ca289fab0d":{"type":"cms-instagram-section","disabled":true,"settings":{"heading":"Art Yard Sale on Instagram","link_text":"Follow @art_yard_sale","link":"https:\/\/www.instagram.com\/art_yard_sale\/?hl=en"}},"7b1ac448-2e11-498c-bc0e-c4abb7f6da47":{"type":"featured-blog","disabled":true,"settings":{"colors":"white","title":"From the blog","richtext":"","blog":"news","post_limit":3,"blog_show_date":true}},"6652fb22-cc19-467d-8fd6-0680d3ef99db":{"type":"main-text-images","disabled":true,"custom_css":[],"settings":{"second_section_image_1":"shopify:\/\/shop_images\/3_f3e3fc59-2b6a-4d33-ae02-53de98408258.png","second_section_image_2":"shopify:\/\/shop_images\/2_3e5aefdd-f027-495e-9d40-822a96ddd3f6.png","second_section_image_3":"shopify:\/\/shop_images\/4_30b5ffe7-1f02-491d-9b9d-cba99029c540.png","second_section_image_4":"shopify:\/\/shop_images\/1_d964e1ad-a5b3-49c8-82be-7f113132d078.png","second_section_title":"Art Yard Sale Money","second_section_content":"<p>You can only buy artworks at the Art Yard Sale with our special Art Yard money. This year it has been designed by Enter Gallery artist, Ryan Callanan (RYCA) <\/p><p>It's easy to exchange your cash for Art Yard Money on the day, at the event. Just head to the Art Yard Bank. <\/p><p>You can also beat the rush – and meet the artists faster – by exchanging your money in advance at Enter Gallery, Bond Street from 9am.<\/p><p>Unused Art Yard Money notes can be refunded at the Art Yard Sale site or at Enter Gallery until 5pm Sunday 2nd June.<\/p><p>Full terms and conditions <a href=\"https:\/\/entergallery.com\/pages\/terms-conditions\" title=\"https:\/\/entergallery.com\/pages\/terms-conditions\">here<\/a>.<\/p>"}},"01cc2001-84ae-4c46-858d-3ad881e0701d":{"type":"cms-grid-section","disabled":true,"settings":{"grid_section_image_1":"shopify:\/\/shop_images\/2_9c7aaa1c-4fab-4fbd-ab15-8d27ef2d405b.png","grid_section_image_2":"shopify:\/\/shop_images\/all_notes_in_one.png","grid_section_image_3":"shopify:\/\/shop_images\/2_3e5aefdd-f027-495e-9d40-822a96ddd3f6.png","grid_section_video":"","grid_section_title":"Art Yard Sale Money","grid_section_content":"<p>You can only buy artworks at the Art Yard Sale with our special Art Yard money. This year it has been designed by Enter Gallery artist Sarah Arnett.<\/p><p>It's easy to exchange your cash for Art Yard Money on the day, at the event. Just head to the Art Yard Bank.<\/p><p>You can also beat the rush – and meet the artists faster – by exchanging your money in advance at Enter Gallery, Bond Street. Enter Gallery will also be accepting Art Yard Money until 5pm on 4th June. <\/p><p>Unused Art Yard Money notes can be refunded at the Art Yard Sale site or at Enter Gallery until 5pm Sunday 4 June.<\/p><p> Full terms and conditions here<\/p>"}}},"order":["42614bd2-b54d-4bdd-a9ef-f85e303c6400","d02364e2-9e01-435d-89d9-f227308933cd","0cab54ba-2528-4b0d-952f-cc5012b2b17e","4104bb5a-b5b8-4828-bc28-28b0cd98f78f","0133a3c5-4480-42bc-b8a3-5b751add2fc3","cms_title_section_cVFWCT","289b4285-a7ed-4db6-9186-7ef0474e2ef1","90708bf6-4dfc-4d2d-b98f-92eae726e9c8","490af8de-9213-489b-b8f4-07ca289fab0d","7b1ac448-2e11-498c-bc0e-c4abb7f6da47","6652fb22-cc19-467d-8fd6-0680d3ef99db","01cc2001-84ae-4c46-858d-3ad881e0701d"]}