{"sections":{"slideshow_tBgWEc":{"type":"slideshow","blocks":{"image_QXDPEi":{"type":"image","settings":{"image":"shopify:\/\/shop_images\/Banners_landing_page.png","hide-text":false,"title":"Share your story","text":"<p>Here's your chance to make a great first impression<\/p>","button_label":"","button_link":"","image_fit":"cover","slide-background":"#ffffff","slide-overlay":"#000000","slide-background-transparency":20,"caption-background":"rgba(0,0,0,0)","caption-text":"#ffffff","button-text":"#ffffff","button-background":"#000000","captionHorizontal":"left","captionAlignment":"left"}},"image_qwGd3m":{"type":"image","settings":{"image":"shopify:\/\/shop_images\/SHOP_NOW_7e08089b-2882-4b75-b0ce-6bee29ef0236.png","hide-text":false,"title":"","text":"","button_label":"","button_link":"","image_fit":"cover","slide-background":"#fff","slide-overlay":"#000000","slide-background-transparency":20,"caption-background":"rgba(0,0,0,0)","caption-text":"#ffffff","button-text":"#ffffff","button-background":"#000000","captionHorizontal":"left","captionAlignment":"left"}},"image_mndb4t":{"type":"image","settings":{"image":"shopify:\/\/shop_images\/15__Off_Landing_Page_7ee33d5c-cc3d-44b4-81dc-065f0526495d.png","hide-text":false,"title":"Share your story","text":"<p>Here's your chance to make a great first impression<\/p>","button_label":"","button_link":"","image_fit":"cover","slide-background":"#ffffff","slide-overlay":"#000000","slide-background-transparency":20,"caption-background":"rgba(0,0,0,0)","caption-text":"#ffffff","button-text":"#ffffff","button-background":"#000000","captionHorizontal":"left","captionAlignment":"left"}}},"block_order":["image_QXDPEi","image_qwGd3m","image_mndb4t"],"settings":{"slider-animation":"fade","slider-width":"full-width","slider-slide-time":5,"caption-heading-size":30,"caption-subheading-size":16,"caption-button-size":14,"show-slide-dots":true,"show-slide-arrows":false,"slider-navigation-color":"#ffffff"}},"rich_text_X6KUqi":{"type":"rich-text","custom_css":["h2 {text-align: center;}","p {text-align: left;}"],"settings":{"colors":"light","title":"Slim Aarons - Summer Soirée","text":"<p>On Thursday 29th August, Enter Gallery is hosting our Slim Aarons Summer Soiree. On the night, we’ll be honouring the beautiful work of iconic photographer, Slim Aarons – an artist known as ‘the guru of 21st century cool’, whose sun-kissed works capture, “attractive people doing attractive things in attractive places.” <\/p><p>Slim Aarons was an American photographer known as <em>‘the guru of 21st century cool.’<\/em> His work is defined by visually arresting portraits and landscapes, capturing beautiful people luxuriating in the spirit of the elite lifestyle<\/p>","button_label":"Sign-Up Via EventBrite","button_link":"https:\/\/tinyurl.com\/PBEventbrite"}},"image_with_text_overlay_TxNh3p":{"type":"image-with-text-overlay","disabled":true,"settings":{"image":"shopify:\/\/shop_images\/15_Off_Banner.png","image_height":"original","bg_image_overlay_opacity":0,"parallax":true,"title":"","text":"","colors":"white","textPosition":"right","textAlignment":"center","heading--text-size":26,"text--text-size":18,"button_label":"Shop Now","button_link":"shopify:\/\/collections\/agent-x"}},"feature_row_DGXPyM":{"type":"feature-row","custom_css":["h2 {text-align: center;}","p {font-size: 16px;}"],"settings":{"colors":"white","image":"shopify:\/\/shop_images\/Slim_Aarons_Ads_800_x_600_px_1.gif","parallax":false,"text_overlapping_image":false,"layout":"left","text_alignment":"center","image_width":"small","image_height":"30vw","title":"Summer Soirée Sale","text":"","button_label":"Shop Now","button_link":"https:\/\/tinyurl.com\/PBBROCHUREDownload"}},"collection_products_list_eFaGVM":{"type":"collection-products-list","blocks":{"featured_collection_KpAkwV":{"type":"featured_collection","settings":{"collection":"slim-aarons-style","subheading":""}},"featured_collection_4WfMVn":{"type":"featured_collection","settings":{"collection":"slim-aarons-the-essential-collection","subheading":""}},"featured_collection_7Cc4Br":{"type":"featured_collection","settings":{"collection":"slim-aarons-la-dolce-vita","subheading":""}}},"block_order":["featured_collection_KpAkwV","featured_collection_4WfMVn","featured_collection_7Cc4Br"],"custom_css":["img {display: block; margin-left: 150; margin-right: auto; width: 40 %;}"],"settings":{"colors":"light","title":"Peter Blake Collections"}},"feature_row_ycUrFL":{"type":"feature-row","settings":{"colors":"white","image":"shopify:\/\/shop_images\/DIGITAL_BROCHURE_MOCK_UP_2.png","parallax":true,"text_overlapping_image":false,"layout":"right","text_alignment":"center","image_width":"small","image_height":"30vw","title":"Slim Aarons - Summer Soiree Brochure","text":"<p>Slim Aarons - Summer Soiree BrochureSlim Aarons - Summer Soiree Brochure<\/p>","button_label":"Request Brochure","button_link":"shopify:\/\/pages\/art-commissions"}},"feature_row_hQxbeJ":{"type":"feature-row","disabled":true,"custom_css":["h2 {text-align: center;}","p {text-align: left;}"],"settings":{"colors":"white","image":"shopify:\/\/shop_images\/Brochure_example_700_x_500_px.png","parallax":false,"text_overlapping_image":false,"layout":"left","text_alignment":"center","image_width":"small","image_height":"30vw","title":"Peter Blake - VIP Bus Ride","text":"<p>Peter Blake’s CCA Art Bus will be making a return to Brighton, and we’re giving a few lucky Blake fans the chance to win a ticket to ride…<\/p><p>The CCA Art Bus is a double-decker mobile gallery designed by Peter Blake. The outside of the bus is decorated with the Pop Art emblems that define Blake’s career, and more seminal works are on display onboard.<\/p>","button_label":"Sign-up to Win","button_link":"https:\/\/tinyurl.com\/VIPBUSPBENTER"}},"collection_products_list_mBFm86":{"type":"collection-products-list","blocks":{"featured_product_anF4Ex":{"type":"featured_product","settings":{"product":"poolside-gossip-c-type-print-ar20341"}},"featured_product_6aczYP":{"type":"featured_product","settings":{"product":"speedboat-landing-c-type-print-eg05298"}},"featured_product_eQNkjh":{"type":"featured_product","settings":{"product":"eden-roc-pool-c-type-print-ar23110"}}},"block_order":["featured_product_anF4Ex","featured_product_6aczYP","featured_product_eQNkjh"],"settings":{"colors":"light","title":"Bestsellers"}},"instafeed_A9RXiW":{"type":"instafeed","disabled":true,"settings":{"heading_size":20,"feed_width":100,"html_area":""}}},"order":["slideshow_tBgWEc","rich_text_X6KUqi","image_with_text_overlay_TxNh3p","feature_row_DGXPyM","collection_products_list_eFaGVM","feature_row_ycUrFL","feature_row_hQxbeJ","collection_products_list_mBFm86","instafeed_A9RXiW"]}